PPS,FER,APPF,SFP,PS,H,dIP,sIP,lable1,lable2
3.0,2.0,1.5,0.0,0,0.5493061443340548,1.242453324894,-0.0,0,0
13.5,4.0,2.25,0.0,0,1.2143673900464427,1.9068285426576754,-0.0,0,0
